ID,Apellido,2Apellido,Nombre,Cell,Email,Municipio			
1,García,Martínez,Juan,555-1234,juan@gmail.com,Buenos Aires			
2,Rodríguez,Pérez,María,555-5678,maria@gmail.com,Rio de Janeiro			
3,Fernández,López,Carlos,555-9012,carlos@gmail.com,Barcelona			
4,Díaz,González,Sofía,555-3456,sofia@gmail.com,París			
5,Martínez,Ramírez,Pablo,555-7890,pablo@gmail.com,Roma			
6,López,Hernández,Ana,555-2345,ana@gmail.com,Ciudad de México			
7,Pérez,Sánchez,Luis,555-6789,luis@gmail.com,Nueva York			
8,Sánchez,Fernández,Andrea,555-0123,andrea@gmail.com,Toronto			
9,González,Díaz,Javier,555-4567,javier@gmail.com,Sídney			
10,Ramírez,Martínez,Laura,555-8901,laura@gmail.com,Cairo			
